{
  "project_info": {
    "project_number": "902045819989",
    "firebase_url": "https://swiftandfast.firebaseio.com",
    "project_id": "swiftandfast",
    "storage_bucket": "swiftandfast.appspot.com"
  },
  "client": [
    {
      "client_info": {
        "mobilesdk_app_id": "1:902045819989:android:03788347d2a9845964e0dc",
        "android_client_info": {
          "package_name": "com.swiftandfast.android"
        }
      },
      "oauth_client": [
        {
          "client_id": "902045819989-i6isalrkin3s2qho8s4odtfbcj5ltbav.apps.googleusercontent.com",
          "client_type": 3
        }
      ],
      "api_key": [
        {
          "current_key": "AIzaSyDjvVOW2QcaTQPRhMcHjhtYiitdqyCoNf0"
        }
      ],
      "services": {
        "appinvite_service": {
          "other_platform_oauth_client": [
            {
              "client_id": "902045819989-i6isalrkin3s2qho8s4odtfbcj5ltbav.apps.googleusercontent.com",
              "client_type": 3
            }
          ]
        }
      }
    }
  ],
  "configuration_version": "1"
}